INSERT INTO PERFIL VALUES(1, 'ADMIN'),
(2, 'FUNCIONARIO');
INSERT INTO USUARIO VALUES(1, 'admin', 'Administrador', '$2a$10$cAoIchKxfI//7.0KgUj/iuKe2FASemlC91uqnfm3nLTnEJlFQ/AA2');
INSERT INTO USUARIO_PERFIL VALUES(1, 1);
INSERT INTO SETOR VALUES(1, 'Setor A - Inferior.');
INSERT INTO SETOR VALUES(2, 'Setor A - Intermediário.');
INSERT INTO SETOR VALUES(3, 'Setor A - Superior');
INSERT INTO SETOR VALUES(4, 'Setor B - Inferior.');
INSERT INTO SETOR VALUES(5, 'Setor B - Intermediário.');
INSERT INTO SETOR VALUES(6, 'Setor B - Superior');
INSERT INTO SETOR VALUES(7, 'Setor C - Inferior.');
INSERT INTO SETOR VALUES(8, 'Setor C - Intermediário.');
INSERT INTO SETOR VALUES(9, 'Setor C - Superior');
INSERT INTO SETOR VALUES(10, 'Setor D - Inferior.');
INSERT INTO SETOR VALUES(11, 'Setor D - Intermediário.');
INSERT INTO SETOR VALUES(12, 'Setor D - Superior');
INSERT INTO SETOR VALUES(13, 'Setor E - Inferior.');
INSERT INTO SETOR VALUES(14, 'Setor E - Intermediário.');
INSERT INTO SETOR VALUES(15, 'Setor E - Superior');
INSERT INTO SETOR VALUES(16, 'Setor F - Inferior.');
INSERT INTO SETOR VALUES(17, 'Setor F - Intermediário.');
INSERT INTO SETOR VALUES(18, 'Setor F - Superior');
INSERT INTO SETOR VALUES(19, 'Setor G - Inferior.');
INSERT INTO SETOR VALUES(20, 'Setor G - Intermediário.');
INSERT INTO SETOR VALUES(21, 'Setor G - Superior');
INSERT INTO SETOR VALUES(22, 'Setor H - Inferior.');
INSERT INTO SETOR VALUES(23, 'Setor H - Intermediário.');
INSERT INTO SETOR VALUES(24, 'Setor H - Superior');
INSERT INTO SETOR VALUES(25, 'Setor I - Inferior.');
INSERT INTO SETOR VALUES(26, 'Setor I - Intermediário.');
INSERT INTO SETOR VALUES(27, 'Setor I - Superior');
INSERT INTO SETOR VALUES(28, 'Setor J - Inferior.');
INSERT INTO SETOR VALUES(29, 'Setor J - Intermediário.');
INSERT INTO SETOR VALUES(30, 'Setor J - Superior');
INSERT INTO SETOR VALUES(31, 'Setor K - Inferior.');
INSERT INTO SETOR VALUES(32, 'Setor K - Intermediário.');
INSERT INTO SETOR VALUES(33, 'Setor K - Superior');
INSERT INTO SETOR VALUES(34, 'Setor L - Inferior.');
INSERT INTO SETOR VALUES(35, 'Setor L - Intermediário.');
INSERT INTO SETOR VALUES(36, 'Setor L - Superior');
INSERT INTO SETOR VALUES(37, 'Setor M - Inferior.');
INSERT INTO SETOR VALUES(38, 'Setor M - Intermediário.');
INSERT INTO SETOR VALUES(39, 'Setor M - Superior');
INSERT INTO CATEGORIA VALUES(1, 'Ação');
INSERT INTO CATEGORIA VALUES(2, 'Drama');
INSERT INTO CATEGORIA VALUES(3, 'Contos');
INSERT INTO CATEGORIA VALUES(4, 'Romance');
INSERT INTO CATEGORIA VALUES(5, 'Infantil');
INSERT INTO CATEGORIA VALUES(6, 'Poesia');
INSERT INTO CATEGORIA VALUES(7, 'Biografias e autobiografias');
INSERT INTO endereco(id, cep, cidade, complemento, estado, logradouro, numero) 
VALUES(1, '00000000', 'São paulo', 'cs', 'SP', 'Rua Azuleira', '400');
INSERT INTO endereco(id, cep, cidade, complemento, estado, logradouro, numero) 
VALUES(2, '00000001', 'sao paulo', 'cs', 'SP', 'Rua Azule', '500');
INSERT INTO endereco(id, cep, cidade, complemento, estado, logradouro, numero) 
VALUES(3, '00000000', 'São paulo', 'cs', 'SP', 'Rua Azuleira', '400');
INSERT INTO endereco(id, cep, cidade, complemento, estado, logradouro, numero) 
VALUES(4, '00000001', 'sao paulo', 'cs', 'SP', 'Rua Azule', '500');
INSERT INTO endereco(id, cep, cidade, complemento, estado, logradouro, numero) 
VALUES(5, '00000000', 'São paulo', 'cs', 'SP', 'Rua Azuleira', '400');
INSERT INTO endereco(id, cep, cidade, complemento, estado, logradouro, numero) 
VALUES(6, '00000001', 'sao paulo', 'cs', 'SP', 'Rua Azule', '500');
INSERT INTO endereco(id, cep, cidade, complemento, estado, logradouro, numero) 
VALUES(7, '00000000', 'São paulo', 'cs', 'SP', 'Rua Azuleira', '400');
INSERT INTO endereco(id, cep, cidade, complemento, estado, logradouro, numero) 
VALUES(8, '00000001', 'sao paulo', 'cs', 'SP', 'Rua Azule', '500');
INSERT INTO endereco(id, cep, cidade, complemento, estado, logradouro, numero) 
VALUES(9, '00000000', 'São paulo', 'cs', 'SP', 'Rua Azuleira', '400');
INSERT INTO endereco(id, cep, cidade, complemento, estado, logradouro, numero) 
VALUES(10, '00000001', 'sao paulo', 'cs', 'SP', 'Rua Azule', '500');
INSERT INTO endereco(id, cep, cidade, complemento, estado, logradouro, numero) 
VALUES(11, '00000000', 'São paulo', 'cs', 'SP', 'Rua Azuleira', '400');
INSERT INTO endereco(id, cep, cidade, complemento, estado, logradouro, numero) 
VALUES(12, '00000001', 'sao paulo', 'cs', 'SP', 'Rua Azule', '500');
INSERT INTO endereco(id, cep, cidade, complemento, estado, logradouro, numero) 
VALUES(13, '00000000', 'São paulo', 'cs', 'SP', 'Rua Azuleira', '400');
INSERT INTO endereco(id, cep, cidade, complemento, estado, logradouro, numero) 
VALUES(14, '00000001', 'sao paulo', 'cs', 'SP', 'Rua Azule', '500');
INSERT INTO endereco(id, cep, cidade, complemento, estado, logradouro, numero) 
VALUES(15, '00000000', 'São paulo', 'cs', 'SP', 'Rua Azuleira', '400');
INSERT INTO endereco(id, cep, cidade, complemento, estado, logradouro, numero) 
VALUES(16, '00000001', 'sao paulo', 'cs', 'SP', 'Rua Azule', '500');
INSERT INTO endereco(id, cep, cidade, complemento, estado, logradouro, numero) 
VALUES(17, '00000000', 'São paulo', 'cs', 'SP', 'Rua Azuleira', '400');
INSERT INTO endereco(id, cep, cidade, complemento, estado, logradouro, numero) 
VALUES(18, '00000001', 'sao paulo', 'cs', 'SP', 'Rua Azule', '500');
INSERT INTO endereco(id, cep, cidade, complemento, estado, logradouro, numero) 
VALUES(19, '00000000', 'São paulo', 'cs', 'SP', 'Rua Azuleira', '400');
INSERT INTO endereco(id, cep, cidade, complemento, estado, logradouro, numero) 
VALUES(20, '00000001', 'sao paulo', 'cs', 'SP', 'Rua Azule', '500');
INSERT INTO endereco(id, cep, cidade, complemento, estado, logradouro, numero) 
VALUES(21, '00000000', 'São paulo', 'cs', 'SP', 'Rua Azuleira', '400');
INSERT INTO endereco(id, cep, cidade, complemento, estado, logradouro, numero) 
VALUES(22, '00000001', 'sao paulo', 'cs', 'SP', 'Rua Azule', '500');
INSERT INTO endereco(id, cep, cidade, complemento, estado, logradouro, numero) 
VALUES(23, '00000000', 'São paulo', 'cs', 'SP', 'Rua Azuleira', '400');
INSERT INTO endereco(id, cep, cidade, complemento, estado, logradouro, numero) 
VALUES(24, '00000001', 'sao paulo', 'cs', 'SP', 'Rua Azule', '500');
INSERT INTO endereco(id, cep, cidade, complemento, estado, logradouro, numero) 
VALUES(25, '00000000', 'São paulo', 'cs', 'SP', 'Rua Azuleira', '400');
INSERT INTO endereco(id, cep, cidade, complemento, estado, logradouro, numero) 
VALUES(26, '00000001', 'sao paulo', 'cs', 'SP', 'Rua Azule', '500');
INSERT INTO endereco(id, cep, cidade, complemento, estado, logradouro, numero) 
VALUES(27, '00000000', 'São paulo', 'cs', 'SP', 'Rua Azuleira', '400');
INSERT INTO endereco(id, cep, cidade, complemento, estado, logradouro, numero) 
VALUES(28, '00000001', 'sao paulo', 'cs', 'SP', 'Rua Azule', '500');
INSERT INTO endereco(id, cep, cidade, complemento, estado, logradouro, numero) 
VALUES(29, '00000000', 'São paulo', 'cs', 'SP', 'Rua Azuleira', '400');
INSERT INTO endereco(id, cep, cidade, complemento, estado, logradouro, numero) 
VALUES(30, '00000001', 'sao paulo', 'cs', 'SP', 'Rua Azule', '500');
INSERT INTO carteirinha(id, data_emissao, numero) 
VALUES(1, '20240320', '1524536565');
INSERT INTO carteirinha(id, data_emissao, numero) 
VALUES(2, '20240320', '1524536566');
INSERT INTO carteirinha(id, data_emissao, numero) 
VALUES(3, '20240320', '1524536565');
INSERT INTO carteirinha(id, data_emissao, numero) 
VALUES(4, '20240320', '1524536566');
INSERT INTO carteirinha(id, data_emissao, numero) 
VALUES(5, '20240320', '1524536565');
INSERT INTO carteirinha(id, data_emissao, numero) 
VALUES(6, '20240320', '1524536566');
INSERT INTO carteirinha(id, data_emissao, numero) 
VALUES(7, '20240320', '1524536565');
INSERT INTO carteirinha(id, data_emissao, numero) 
VALUES(8, '20240320', '1524536566');
INSERT INTO carteirinha(id, data_emissao, numero) 
VALUES(9, '20240320', '1524536565');
INSERT INTO carteirinha(id, data_emissao, numero) 
VALUES(10, '20240320', '1524536566');
INSERT INTO carteirinha(id, data_emissao, numero) 
VALUES(11, '20240320', '1524536565');
INSERT INTO carteirinha(id, data_emissao, numero) 
VALUES(12, '20240320', '1524536566');
INSERT INTO carteirinha(id, data_emissao, numero) 
VALUES(13, '20240320', '1524536565');
INSERT INTO carteirinha(id, data_emissao, numero) 
VALUES(14, '20240320', '1524536566');
INSERT INTO carteirinha(id, data_emissao, numero) 
VALUES(15, '20240320', '1524536566');
INSERT INTO carteirinha(id, data_emissao, numero) 
VALUES(16, '20240320', '1524536566');
INSERT INTO carteirinha(id, data_emissao, numero) 
VALUES(17, '20240320', '1524536566');
INSERT INTO carteirinha(id, data_emissao, numero) 
VALUES(18, '20240320', '1524536566');
INSERT INTO carteirinha(id, data_emissao, numero) 
VALUES(19, '20240320', '1524536566');
INSERT INTO carteirinha(id, data_emissao, numero) 
VALUES(20, '20240320', '1524536566');
INSERT INTO carteirinha(id, data_emissao, numero) 
VALUES(21, '20240320', '1524536566');
INSERT INTO carteirinha(id, data_emissao, numero) 
VALUES(22, '20240320', '1524536566');
INSERT INTO carteirinha(id, data_emissao, numero) 
VALUES(23, '20240320', '1524536566');
INSERT INTO carteirinha(id, data_emissao, numero) 
VALUES(24, '20240320', '1524536566');
INSERT INTO carteirinha(id, data_emissao, numero) 
VALUES(25, '20240320', '1524536566');
INSERT INTO carteirinha(id, data_emissao, numero) 
VALUES(26, '20240320', '1524536566');
INSERT INTO carteirinha(id, data_emissao, numero) 
VALUES(27, '20240320', '1524536566');
INSERT INTO carteirinha(id, data_emissao, numero) 
VALUES(28, '20240320', '1524536566');
INSERT INTO carteirinha(id, data_emissao, numero) 
VALUES(29, '20240320', '1524536566');
INSERT INTO carteirinha(id, data_emissao, numero) 
VALUES(30, '20240320', '1524536566');
INSERT INTO contato(id, email, numero_celular, numero_telefone) 
VALUES(1, 'fabio@teste.com', '11958141456', '1524536689');
INSERT INTO contato(id, email, numero_celular, numero_telefone) 
VALUES(2, 'erik@teste.com', '11958141456', '1524536689');
INSERT INTO contato(id, email, numero_celular, numero_telefone) 
VALUES(3, 'kawan@teste.com', '11958141456', '1524536689');
INSERT INTO contato(id, email, numero_celular, numero_telefone) 
VALUES(4, 'lucas@teste.com', '11958141456', '1524536689');
INSERT INTO contato(id, email, numero_celular, numero_telefone) 
VALUES(5, 'ramon@teste.com', '11958141456', '1524536689');
INSERT INTO contato(id, email, numero_celular, numero_telefone) 
VALUES(6, 'romildo@teste.com', '11958141456', '1524536689');
INSERT INTO contato(id, email, numero_celular, numero_telefone) 
VALUES(7, 'fabiana@teste.com', '11958141456', '1524536689');
INSERT INTO contato(id, email, numero_celular, numero_telefone) 
VALUES(8, 'maria@teste.com', '11958141456', '1524536689');
INSERT INTO contato(id, email, numero_celular, numero_telefone) 
VALUES(9, 'leticia@teste.com', '11958141456', '1524536689');
INSERT INTO contato(id, email, numero_celular, numero_telefone) 
VALUES(10, 'adriela@teste.com', '11958141456', '1524536689');
INSERT INTO contato(id, email, numero_celular, numero_telefone) 
VALUES(11, 'melissa@teste.com', '11958141456', '1524536689');
INSERT INTO contato(id, email, numero_celular, numero_telefone) 
VALUES(12, 'pedro@teste.com', '11958141456', '1524536689');
INSERT INTO contato(id, email, numero_celular, numero_telefone) 
VALUES(13, 'rayan@teste.com', '11958141456', '1524536689');
INSERT INTO contato(id, email, numero_celular, numero_telefone) 
VALUES(14, 'abia@teste.com', '11958141456', '1524536689');
INSERT INTO contato(id, email, numero_celular, numero_telefone) 
VALUES(15, 'jonas@teste.com', '11958141456', '1524536689');
INSERT INTO contato(id, email, numero_celular, numero_telefone) 
VALUES(16, 'andressa@teste.com', '11958141456', '1524536689');
INSERT INTO contato(id, email, numero_celular, numero_telefone) 
VALUES(17, 'paula@teste.com', '11958141456', '1524536689');
INSERT INTO contato(id, email, numero_celular, numero_telefone) 
VALUES(18, 'pamela@teste.com', '11958141456', '1524536689');
INSERT INTO contato(id, email, numero_celular, numero_telefone) 
VALUES(19, 'jose@teste.com', '11958141456', '1524536689');
INSERT INTO contato(id, email, numero_celular, numero_telefone) 
VALUES(20, 'hugo@teste.com', '11958141456', '1524536689');
INSERT INTO contato(id, email, numero_celular, numero_telefone) 
VALUES(21, 'agusta@teste.com', '11958141456', '1524536689');
INSERT INTO contato(id, email, numero_celular, numero_telefone) 
VALUES(22, 'thamires@teste.com', '11958141456', '1524536689');
INSERT INTO contato(id, email, numero_celular, numero_telefone) 
VALUES(23, 'tamara@teste.com', '11958141456', '1524536689');
INSERT INTO contato(id, email, numero_celular, numero_telefone) 
VALUES(24, 'raika@teste.com', '11958141456', '1524536689');
INSERT INTO contato(id, email, numero_celular, numero_telefone) 
VALUES(25, 'tulio@teste.com', '11958141456', '1524536689');
INSERT INTO contato(id, email, numero_celular, numero_telefone) 
VALUES(26, 'gabriel@teste.com', '11958141456', '1524536689');
INSERT INTO contato(id, email, numero_celular, numero_telefone) 
VALUES(27, 'ricardo@teste.com', '11958141456', '1524536689');
INSERT INTO contato(id, email, numero_celular, numero_telefone) 
VALUES(28, 'cintia@teste.com', '11958141456', '1524536689');
INSERT INTO contato(id, email, numero_celular, numero_telefone) 
VALUES(29, 'caio@teste.com', '11958141456', '1524536689');
INSERT INTO contato(id, email, numero_celular, numero_telefone) 
VALUES(30, 'georgina@teste.com', '11958141456', '1524536689');
INSERT INTO membro(id, cpf, data_nascimento, nome, sexo, id_carteirinha, id_contato, id_endereco) 
VALUES(1, '12345678901', '20050926', 'Fabio', 'Masculino', 1, 1, 1);
INSERT INTO membro(id, cpf, data_nascimento, nome, sexo, id_carteirinha, id_contato, id_endereco)
VALUES(2, '12345678901', '20050926', 'Erik', 'Masculino', 2, 2, 2);
INSERT INTO membro(id, cpf, data_nascimento, nome, sexo, id_carteirinha, id_contato, id_endereco) 
VALUES(3, '12345678901', '20050926', 'Kawan', 'Masculino', 3, 3, 3);
INSERT INTO membro(id, cpf, data_nascimento, nome, sexo, id_carteirinha, id_contato, id_endereco)
VALUES(4, '12345678901', '20050926', 'Lucas', 'Masculino', 4, 4, 4);
INSERT INTO membro(id, cpf, data_nascimento, nome, sexo, id_carteirinha, id_contato, id_endereco) 
VALUES(5, '12345678901', '20050926', 'Ramon', 'Masculino', 5, 5, 5);
INSERT INTO membro(id, cpf, data_nascimento, nome, sexo, id_carteirinha, id_contato, id_endereco)
VALUES(6, '12345678901', '20050926', 'Romildo', 'Masculino', 6, 6, 6);
INSERT INTO membro(id, cpf, data_nascimento, nome, sexo, id_carteirinha, id_contato, id_endereco) 
VALUES(7, '12345678901', '20050926', 'Fabiana', 'Feminino', 7, 7, 7);
INSERT INTO membro(id, cpf, data_nascimento, nome, sexo, id_carteirinha, id_contato, id_endereco)
VALUES(8, '12345678901', '20050926', 'Maria Amélia', 'Feminino', 8, 8, 8);
INSERT INTO membro(id, cpf, data_nascimento, nome, sexo, id_carteirinha, id_contato, id_endereco) 
VALUES(9, '12345678901', '20050926', 'Leticia', 'Feminino', 9, 9, 9);
INSERT INTO membro(id, cpf, data_nascimento, nome, sexo, id_carteirinha, id_contato, id_endereco)
VALUES(10, '12345678901', '20050926', 'Adriela', 'Feminino', 10, 10, 10);
INSERT INTO membro(id, cpf, data_nascimento, nome, sexo, id_carteirinha, id_contato, id_endereco) 
VALUES(11, '12345678901', '20050926', 'Melissa', 'Feminino', 11, 11, 11);
INSERT INTO membro(id, cpf, data_nascimento, nome, sexo, id_carteirinha, id_contato, id_endereco)
VALUES(12, '12345678901', '20050926', 'Pedro', 'Masculino', 12, 12, 12);
INSERT INTO membro(id, cpf, data_nascimento, nome, sexo, id_carteirinha, id_contato, id_endereco) 
VALUES(13, '12345678901', '20050926', 'Rayan', 'Masculino', 13, 13, 13);
INSERT INTO membro(id, cpf, data_nascimento, nome, sexo, id_carteirinha, id_contato, id_endereco)
VALUES(14, '12345678901', '20050926', 'Abia', 'Feminino', 14, 14, 14);
INSERT INTO membro(id, cpf, data_nascimento, nome, sexo, id_carteirinha, id_contato, id_endereco) 
VALUES(15, '12345678901', '20050926', 'Jonas', 'Feminino', 15, 15, 15);
INSERT INTO membro(id, cpf, data_nascimento, nome, sexo, id_carteirinha, id_contato, id_endereco)
VALUES(16, '12345678901', '20050926', 'Andressa', 'Feminino', 16, 16, 16);
INSERT INTO membro(id, cpf, data_nascimento, nome, sexo, id_carteirinha, id_contato, id_endereco)
VALUES(17, '12345678901', '20050926', 'Paula', 'Feminino', 17, 17, 17);
INSERT INTO membro(id, cpf, data_nascimento, nome, sexo, id_carteirinha, id_contato, id_endereco) 
VALUES(18, '12345678901', '20050926', 'Pamela', 'Feminino', 18, 18, 18);
INSERT INTO membro(id, cpf, data_nascimento, nome, sexo, id_carteirinha, id_contato, id_endereco)
VALUES(19, '12345678901', '20050926', 'José', 'Masculino', 19, 19, 19);
INSERT INTO membro(id, cpf, data_nascimento, nome, sexo, id_carteirinha, id_contato, id_endereco) 
VALUES(20, '12345678901', '20050926', 'Hugo', 'Masculino', 20, 20, 20);
INSERT INTO membro(id, cpf, data_nascimento, nome, sexo, id_carteirinha, id_contato, id_endereco)
VALUES(21, '12345678901', '20050926', 'Augusta', 'Feminino', 21, 21, 21);
INSERT INTO membro(id, cpf, data_nascimento, nome, sexo, id_carteirinha, id_contato, id_endereco) 
VALUES(22, '12345678901', '20050926', 'Thamires', 'Feminino', 22, 22, 22);
INSERT INTO membro(id, cpf, data_nascimento, nome, sexo, id_carteirinha, id_contato, id_endereco)
VALUES(23, '12345678901', '20050926', 'Tamara', 'Feminino', 23, 23, 23);
INSERT INTO membro(id, cpf, data_nascimento, nome, sexo, id_carteirinha, id_contato, id_endereco) 
VALUES(24, '12345678901', '20050926', 'Raika', 'Feminino', 24, 24, 24);
INSERT INTO membro(id, cpf, data_nascimento, nome, sexo, id_carteirinha, id_contato, id_endereco)
VALUES(25, '12345678901', '20050926', 'Tulio', 'masculino', 25, 25, 25);
INSERT INTO membro(id, cpf, data_nascimento, nome, sexo, id_carteirinha, id_contato, id_endereco) 
VALUES(26, '12345678901', '20050926', 'Gabriel', 'Masculino', 26, 26, 26);
INSERT INTO membro(id, cpf, data_nascimento, nome, sexo, id_carteirinha, id_contato, id_endereco)
VALUES(27, '12345678901', '20050926', 'Ricardo', 'Masculino', 27, 27, 27);
INSERT INTO membro(id, cpf, data_nascimento, nome, sexo, id_carteirinha, id_contato, id_endereco) 
VALUES(28, '12345678901', '20050926', 'Cintia', 'Feminino', 28, 28, 28);
INSERT INTO membro(id, cpf, data_nascimento, nome, sexo, id_carteirinha, id_contato, id_endereco)
VALUES(29, '12345678901', '20050926', 'Caio', 'Masculino', 29, 29, 29);
INSERT INTO membro(id, cpf, data_nascimento, nome, sexo, id_carteirinha, id_contato, id_endereco) 
VALUES(30, '12345678901', '20050926', 'Geogirna', 'Feminino', 30, 30, 30);
